dataset,K,distance,algorithm,parameters,knn-dist,knn-set,accuracy-R@1,accuracy-R@10,qps,queryTime,build,indexsize
vgg-512-euclidean,10,euclidean,kd,KDTree(leaf_size=30),1.0,1.0,0.0982,0.0989,0.2620809380355497,3.8156151587963105,539.0653221607208,1073868.0
vgg-512-euclidean,10,euclidean,bruteforce,BruteForce(),1.0,1.0,0.1962,0.1974,0.302578587943433,3.304926521062851,1.111940860748291,0.0
vgg-512-euclidean,10,euclidean,NGT-onng,"ONNG-NGT(100, 10, 120, -2, 1.200)",0.99999,0.99983,0.9731,0.9838,39.39496366503485,0.02538395538330078,8934.14004778862,13264308.0
vgg-512-euclidean,10,euclidean,NGT-onng,"ONNG-NGT(100, 10, 120, -2, 0.900)",0.06181,0.06091,0.0989,0.0995,12330.41107504631,8.110029697418212e-05,8934.14004778862,13264308.0
vgg-512-euclidean,10,euclidean,NGT-onng,"ONNG-NGT(100, 10, 120, -2, 1.050)",0.57074,0.56914,0.5602,0.5658,1255.0321826294353,0.0007967923164367676,8934.14004778862,13264308.0
vgg-512-euclidean,10,euclidean,NGT-onng,"ONNG-NGT(100, 10, 120, -2, 1.100)",0.99766,0.9968400000000001,0.9726,0.983,716.4381427661732,0.0013957939147949219,8934.14004778862,13264308.0
vgg-512-euclidean,10,euclidean,NGT-onng,"ONNG-NGT(100, 10, 120, -2, 0.600)",0.01856,0.018099999999999998,0.0938,0.0941,16625.972850176513,6.01468563079834e-05,8934.14004778862,13264308.0
vgg-512-euclidean,10,euclidean,NGT-onng,"ONNG-NGT(100, 10, 120, -2, 1.070)",0.90765,0.90625,0.8897,0.8979,944.3008258633761,0.0010589845657348633,8934.14004778862,13264308.0
vgg-512-euclidean,10,euclidean,NGT-onng,"ONNG-NGT(100, 10, 120, -2, 1.030)",0.25434999999999997,0.25318,0.2504,0.2525,2512.574993639644,0.0003979980707168579,8934.14004778862,13264308.0
vgg-512-euclidean,10,euclidean,NGT-onng,"ONNG-NGT(100, 10, 120, -2, 1.000)",0.11828000000000001,0.11733,0.1197,0.1207,6303.214646923836,0.00015864920616149902,8934.14004778862,13264308.0
vgg-512-euclidean,10,euclidean,NGT-onng,"ONNG-NGT(100, 10, 120, -2, 1.020)",0.17851,0.17751,0.1767,0.1787,3588.7940540884642,0.000278645133972168,8934.14004778862,13264308.0
vgg-512-euclidean,10,euclidean,SW-graph(nmslib),"Nmslib(method_name=sw-graph, index_param=['NN=16'])",0.88131,0.8677199999999999,0.9678,0.9772,283.5976633949459,0.0035261221408843992,2299.7693343162537,7010144.0
vgg-512-euclidean,10,euclidean,SW-graph(nmslib),"Nmslib(method_name=sw-graph, index_param=['NN=16'])",0.83841,0.8247199999999999,0.9592,0.9683,526.063365220739,0.0019009116888046265,2299.7693343162537,7010144.0
vgg-512-euclidean,10,euclidean,SW-graph(nmslib),"Nmslib(method_name=sw-graph, index_param=['NN=10'])",0.27242,0.26643,0.7096,0.7218,2118.407892957143,0.00047205262184143066,1827.435046672821,6633560.0
vgg-512-euclidean,10,euclidean,SW-graph(nmslib),"Nmslib(method_name=sw-graph, index_param=['NN=16'])",0.91285,0.9005599999999999,0.9703,0.9798,131.66111767101899,0.007595256805419922,2299.7693343162537,7010144.0
vgg-512-euclidean,10,euclidean,SW-graph(nmslib),"Nmslib(method_name=sw-graph, index_param=['NN=24'])",0.73302,0.7267,0.8398,0.8472,1275.0502694845648,0.0007842828035354614,2953.3261761665344,7453580.0
vgg-512-euclidean,10,euclidean,SW-graph(nmslib),"Nmslib(method_name=sw-graph, index_param=['NN=16'])",0.59821,0.58891,0.8414,0.8496,1434.6473976770178,0.0006970353841781617,2299.7693343162537,7010144.0
vgg-512-euclidean,10,euclidean,SW-graph(nmslib),"Nmslib(method_name=sw-graph, index_param=['NN=24'])",0.69509,0.68901,0.81,0.8169,1395.4818743070716,0.0007165983438491821,2953.3261761665344,7453580.0
vgg-512-euclidean,10,euclidean,SW-graph(nmslib),"Nmslib(method_name=sw-graph, index_param=['NN=16'])",0.65091,0.64083,0.8813,0.8893,1173.3316295055124,0.000852273964881897,2299.7693343162537,7010144.0
vgg-512-euclidean,10,euclidean,SW-graph(nmslib),"Nmslib(method_name=sw-graph, index_param=['NN=10'])",0.36051,0.35268,0.8004,0.809,1917.1135646110945,0.0005216175079345703,1827.435046672821,6633560.0
vgg-512-euclidean,10,euclidean,SW-graph(nmslib),"Nmslib(method_name=sw-graph, index_param=['NN=5'])",0.21966000000000002,0.21488999999999997,0.7601,0.7702,2367.502295644721,0.00042238607406616213,1436.6059095859528,6332216.0
vgg-512-euclidean,10,euclidean,SW-graph(nmslib),"Nmslib(method_name=sw-graph, index_param=['NN=16'])",0.36573,0.35868,0.6714,0.6812,2018.379492517812,0.0004954469680786132,2299.7693343162537,7010144.0
vgg-512-euclidean,10,euclidean,SW-graph(nmslib),"Nmslib(method_name=sw-graph, index_param=['NN=24'])",0.80479,0.79778,0.8878,0.8965,1052.4906336628455,0.0009501272201538086,2953.3261761665344,7453580.0
vgg-512-euclidean,10,euclidean,SW-graph(nmslib),"Nmslib(method_name=sw-graph, index_param=['NN=24'])",0.93664,0.9286099999999999,0.9629,0.9722,514.4008428596269,0.001944009256362915,2953.3261761665344,7453580.0
vgg-512-euclidean,10,euclidean,SW-graph(nmslib),"Nmslib(method_name=sw-graph, index_param=['NN=16'])",0.61867,0.60909,0.8581,0.8661,1332.9458303572776,0.0007502180337905884,2299.7693343162537,7010144.0
vgg-512-euclidean,10,euclidean,SW-graph(nmslib),"Nmslib(method_name=sw-graph, index_param=['NN=10'])",0.69056,0.67626,0.9609,0.9716,321.35215430699276,0.003111850929260254,1827.435046672821,6633560.0
vgg-512-euclidean,10,euclidean,SW-graph(nmslib),"Nmslib(method_name=sw-graph, index_param=['NN=24'])",0.9529799999999999,0.9452400000000001,0.9698,0.9794,259.63331340520745,0.003851585865020752,2953.3261761665344,7453580.0
vgg-512-euclidean,10,euclidean,SW-graph(nmslib),"Nmslib(method_name=sw-graph, index_param=['NN=24'])",0.9639300000000001,0.95685,0.9714,0.9818,109.54727416655604,0.009128479075431824,2953.3261761665344,7453580.0
vgg-512-euclidean,10,euclidean,SW-graph(nmslib),"Nmslib(method_name=sw-graph, index_param=['NN=5'])",0.19136999999999998,0.18734,0.7249,0.738,2423.091905766928,0.00041269586086273193,1436.6059095859528,6332216.0
vgg-512-euclidean,10,euclidean,SW-graph(nmslib),"Nmslib(method_name=sw-graph, index_param=['NN=24'])",0.8534499999999999,0.8461299999999999,0.9187,0.9277,898.4178538888607,0.0011130678176879882,2953.3261761665344,7453580.0
vgg-512-euclidean,10,euclidean,SW-graph(nmslib),"Nmslib(method_name=sw-graph, index_param=['NN=10'])",0.4231,0.41448,0.8737,0.8848,1383.172339323315,0.0007229757070541382,1827.435046672821,6633560.0
vgg-512-euclidean,10,euclidean,SW-graph(nmslib),"Nmslib(method_name=sw-graph, index_param=['NN=24'])",0.44557,0.43871000000000004,0.6293,0.6397,1886.960285918997,0.00052995285987854,2953.3261761665344,7453580.0
vgg-512-euclidean,10,euclidean,SW-graph(nmslib),"Nmslib(method_name=sw-graph, index_param=['NN=10'])",0.50975,0.49894,0.9269,0.9389,887.9532300620205,0.0011261854410171508,1827.435046672821,6633560.0
vgg-512-euclidean,10,euclidean,SW-graph(nmslib),"Nmslib(method_name=sw-graph, index_param=['NN=16'])",0.57121,0.56196,0.8196,0.8275,1553.7300283388854,0.0006436124563217163,2299.7693343162537,7010144.0
vgg-512-euclidean,10,euclidean,SW-graph(nmslib),"Nmslib(method_name=sw-graph, index_param=['NN=10'])",0.45026,0.44093,0.8969,0.9088,1212.1701501123748,0.0008249666929244995,1827.435046672821,6633560.0
vgg-512-euclidean,10,euclidean,SW-graph(nmslib),"Nmslib(method_name=sw-graph, index_param=['NN=5'])",0.25295,0.2475,0.8012,0.8094,2247.1179078137675,0.00044501447677612306,1436.6059095859528,6332216.0
vgg-512-euclidean,10,euclidean,SW-graph(nmslib),"Nmslib(method_name=sw-graph, index_param=['NN=5'])",0.29433,0.28825,0.8581,0.8671,1841.2112940160932,0.0005431207180023193,1436.6059095859528,6332216.0
vgg-512-euclidean,10,euclidean,SW-graph(nmslib),"Nmslib(method_name=sw-graph, index_param=['NN=5'])",0.29009,0.28393999999999997,0.8512,0.8601,1905.488617915801,0.0005247997760772705,1436.6059095859528,6332216.0
vgg-512-euclidean,10,euclidean,SW-graph(nmslib),"Nmslib(method_name=sw-graph, index_param=['NN=24'])",0.76147,0.75495,0.8596,0.8677,1164.6194377833694,0.0008586495876312255,2953.3261761665344,7453580.0
vgg-512-euclidean,10,euclidean,SW-graph(nmslib),"Nmslib(method_name=sw-graph, index_param=['NN=5'])",0.27312,0.26718000000000003,0.8277,0.8354,2139.333124244064,0.0004674353837966919,1436.6059095859528,6332216.0
vgg-512-euclidean,10,euclidean,SW-graph(nmslib),"Nmslib(method_name=sw-graph, index_param=['NN=10'])",0.38495,0.37705,0.831,0.8397,1758.308906111391,0.0005687282800674439,1827.435046672821,6633560.0
vgg-512-euclidean,10,euclidean,SW-graph(nmslib),"Nmslib(method_name=sw-graph, index_param=['NN=16'])",0.6992499999999999,0.68809,0.9088,0.9175,1021.3679577138532,0.0009790790796279907,2299.7693343162537,7010144.0
vgg-512-euclidean,10,euclidean,SW-graph(nmslib),"Nmslib(method_name=sw-graph, index_param=['NN=16'])",0.77442,0.76203,0.9385,0.9468,774.8218514590912,0.0012906192541122436,2299.7693343162537,7010144.0
vgg-512-euclidean,10,euclidean,SW-graph(nmslib),"Nmslib(method_name=sw-graph, index_param=['NN=24'])",0.90495,0.89702,0.9475,0.9575,726.5175590238875,0.0013764292240142821,2953.3261761665344,7453580.0
vgg-512-euclidean,10,euclidean,SW-graph(nmslib),"Nmslib(method_name=sw-graph, index_param=['NN=5'])",0.28308,0.27698,0.8417,0.8501,2023.0467847511723,0.0004943039417266846,1436.6059095859528,6332216.0
vgg-512-euclidean,10,euclidean,SW-graph(nmslib),"Nmslib(method_name=sw-graph, index_param=['NN=24'])",0.6336700000000001,0.62715,0.7603,0.7683,1563.4177517729006,0.0006396243095397949,2953.3261761665344,7453580.0
vgg-512-euclidean,10,euclidean,SW-graph(nmslib),"Nmslib(method_name=sw-graph, index_param=['NN=10'])",0.78147,0.7664799999999999,0.9665,0.9769,166.33213686378755,0.006012067294120789,1827.435046672821,6633560.0
vgg-512-euclidean,10,euclidean,SW-graph(nmslib),"Nmslib(method_name=sw-graph, index_param=['NN=10'])",0.39765,0.38952,0.8462,0.8558,1615.3309289728772,0.0006190681934356689,1827.435046672821,6633560.0
vgg-512-euclidean,10,euclidean,SW-graph(nmslib),"Nmslib(method_name=sw-graph, index_param=['NN=10'])",0.40686999999999995,0.39855,0.8568,0.8665,1552.9015476611626,0.0006439558267593384,1827.435046672821,6633560.0
vgg-512-euclidean,10,euclidean,SW-graph(nmslib),"Nmslib(method_name=sw-graph, index_param=['NN=5'])",0.24588000000000002,0.24058000000000002,0.7921,0.8002,2293.9760638705156,0.0004359243392944336,1436.6059095859528,6332216.0
vgg-512-euclidean,10,euclidean,SW-graph(nmslib),"Nmslib(method_name=sw-graph, index_param=['NN=10'])",0.59151,0.5787,0.9471,0.958,582.1878961998407,0.001717658519744873,1827.435046672821,6633560.0
vgg-512-euclidean,10,euclidean,SW-graph(nmslib),"Nmslib(method_name=sw-graph, index_param=['NN=5'])",0.29876,0.2926,0.864,0.8738,1769.212011530512,0.0005652233839035034,1436.6059095859528,6332216.0
vgg-512-euclidean,10,euclidean,SW-graph(nmslib),"Nmslib(method_name=sw-graph, index_param=['NN=5'])",0.23555,0.23046000000000003,0.7793,0.7876,2324.502526563303,0.00043019957542419433,1436.6059095859528,6332216.0
vgg-512-euclidean,10,euclidean,SW-graph(nmslib),"Nmslib(method_name=sw-graph, index_param=['NN=16'])",0.52297,0.51424,0.7801,0.7873,1742.0285128715113,0.0005740434169769287,2299.7693343162537,7010144.0
vgg-512-euclidean,10,euclidean,hnsw(nmslib),"Nmslib(method_name=hnsw, index_param=['M=8', 'efConstruction=400', 'post=0'])",0.31699,0.31063999999999997,0.3981,0.4006,12589.212901056979,7.943308353424072e-05,8091.237750291824,12217656.0
vgg-512-euclidean,10,euclidean,hnsw(nmslib),"Nmslib(method_name=hnsw, index_param=['efConstruction=400', 'M=4', 'post=0'])",0.18809,0.185,0.2282,0.2297,10219.42143847058,9.785289764404297e-05,5316.144357204437,11989688.0
vgg-512-euclidean,10,euclidean,hnsw(nmslib),"Nmslib(method_name=hnsw, index_param=['efConstruction=400', 'M=4', 'post=0'])",0.01588,0.01567,0.0707,0.0715,36294.46052030404,2.7552413940429686e-05,5316.144357204437,11989688.0
vgg-512-euclidean,10,euclidean,hnsw(nmslib),"Nmslib(method_name=hnsw, index_param=['M=12', 'post=0', 'efConstruction=400'])",0.5029,0.49304,0.6077,0.6102,8709.786607005284,0.00011481337547302247,11982.795399904251,12454228.0
vgg-512-euclidean,10,euclidean,hnsw(nmslib),"Nmslib(method_name=hnsw, index_param=['M=12', 'post=0', 'efConstruction=400'])",0.9514799999999999,0.95014,0.938,0.9448,2434.6545223709613,0.0004107358932495117,11982.795399904251,12454228.0
vgg-512-euclidean,10,euclidean,hnsw(nmslib),"Nmslib(method_name=hnsw, index_param=['M=12', 'post=0', 'efConstruction=400'])",0.14409,0.14178,0.3538,0.3554,17019.837183011263,5.875496864318848e-05,11982.795399904251,12454228.0
vgg-512-euclidean,10,euclidean,hnsw(nmslib),"Nmslib(method_name=hnsw, index_param=['M=12', 'post=0', 'efConstruction=400'])",0.97732,0.9760899999999999,0.9601,0.9682,1752.3824867037065,0.0005706516742706299,11982.795399904251,12454228.0
vgg-512-euclidean,10,euclidean,hnsw(nmslib),"Nmslib(method_name=hnsw, index_param=['M=8', 'efConstruction=400', 'post=0'])",0.46796,0.4608,0.5115,0.5139,9241.437417485276,0.0001082082748413086,8091.237750291824,12217656.0
vgg-512-euclidean,10,euclidean,hnsw(nmslib),"Nmslib(method_name=hnsw, index_param=['efConstruction=400', 'M=4', 'post=0'])",0.11517,0.11277999999999999,0.1553,0.1564,15025.328776147782,6.655428409576417e-05,5316.144357204437,11989688.0
vgg-512-euclidean,10,euclidean,hnsw(nmslib),"Nmslib(method_name=hnsw, index_param=['M=8', 'efConstruction=400', 'post=0'])",0.79021,0.7883899999999999,0.7879,0.7921,3791.4934599218286,0.00026374831199646,8091.237750291824,12217656.0
vgg-512-euclidean,10,euclidean,hnsw(nmslib),"Nmslib(method_name=hnsw, index_param=['efConstruction=400', 'M=4', 'post=0'])",0.49545000000000006,0.49161,0.553,0.5563,3561.207187207685,0.000280803656578064,5316.144357204437,11989688.0
vgg-512-euclidean,10,euclidean,hnsw(nmslib),"Nmslib(method_name=hnsw, index_param=['M=8', 'efConstruction=400', 'post=0'])",0.16383,0.16067,0.2784,0.2803,17654.81570280773,5.664176940917969e-05,8091.237750291824,12217656.0
vgg-512-euclidean,10,euclidean,hnsw(nmslib),"Nmslib(method_name=hnsw, index_param=['M=12', 'post=0', 'efConstruction=400'])",0.92653,0.9249,0.9161,0.9219,2938.98152401704,0.00034025392532348634,11982.795399904251,12454228.0
vgg-512-euclidean,10,euclidean,hnsw(nmslib),"Nmslib(method_name=hnsw, index_param=['efConstruction=400', 'M=4', 'post=0'])",0.06842000000000001,0.06694,0.1126,0.1134,16749.572505536864,5.970301628112793e-05,5316.144357204437,11989688.0
vgg-512-euclidean,10,euclidean,hnsw(nmslib),"Nmslib(method_name=hnsw, index_param=['M=12', 'post=0', 'efConstruction=400'])",0.67973,0.6705099999999999,0.7247,0.7277,6679.678939992356,0.00014970779418945312,11982.795399904251,12454228.0
vgg-512-euclidean,10,euclidean,hnsw(nmslib),"Nmslib(method_name=hnsw, index_param=['M=8', 'efConstruction=400', 'post=0'])",0.6235,0.61871,0.6379,0.641,6349.900163610866,0.00015748279094696046,8091.237750291824,12217656.0
vgg-512-euclidean,10,euclidean,hnsw(nmslib),"Nmslib(method_name=hnsw, index_param=['M=12', 'post=0', 'efConstruction=400'])",0.95943,0.95814,0.9453,0.9525,2258.257805540622,0.00044281923770904543,11982.795399904251,12454228.0
vgg-512-euclidean,10,euclidean,hnsw(nmslib),"Nmslib(method_name=hnsw, index_param=['M=12', 'post=0', 'efConstruction=400'])",0.28359,0.27749999999999997,0.4468,0.4497,12487.615261653742,8.007934093475341e-05,11982.795399904251,12454228.0
vgg-512-euclidean,10,euclidean,hnsw(nmslib),"Nmslib(method_name=hnsw, index_param=['M=12', 'post=0', 'efConstruction=400'])",0.76598,0.75911,0.7853,0.7891,5596.421325276351,0.00017868561744689942,11982.795399904251,12454228.0
vgg-512-euclidean,10,euclidean,hnsw(nmslib),"Nmslib(method_name=hnsw, index_param=['M=8', 'efConstruction=400', 'post=0'])",0.69956,0.69642,0.7039,0.7073,5102.924637431485,0.0001959660530090332,8091.237750291824,12217656.0
vgg-512-euclidean,10,euclidean,hnsw(nmslib),"Nmslib(method_name=hnsw, index_param=['efConstruction=400', 'M=4', 'post=0'])",0.43105000000000004,0.42739000000000005,0.485,0.4876,4279.996375430315,0.00023364505767822265,5316.144357204437,11989688.0
vgg-512-euclidean,10,euclidean,hnsw(nmslib),"Nmslib(method_name=hnsw, index_param=['M=8', 'efConstruction=400', 'post=0'])",0.9380900000000001,0.93679,0.9274,0.9347,1905.138085701199,0.0005248963356018066,8091.237750291824,12217656.0
vgg-512-euclidean,10,euclidean,hnsw(nmslib),"Nmslib(method_name=hnsw, index_param=['M=8', 'efConstruction=400', 'post=0'])",0.07517,0.07416,0.2184,0.2194,24207.492928449938,4.13095235824585e-05,8091.237750291824,12217656.0
vgg-512-euclidean,10,euclidean,hnsw(nmslib),"Nmslib(method_name=hnsw, index_param=['efConstruction=400', 'M=4', 'post=0'])",0.25295999999999996,0.24961000000000003,0.295,0.297,7696.890032185496,0.00012992260456085204,5316.144357204437,11989688.0
vgg-512-euclidean,10,euclidean,hnsw(nmslib),"Nmslib(method_name=hnsw, index_param=['M=8', 'efConstruction=400', 'post=0'])",0.87507,0.8737999999999999,0.8688,0.8745,2705.4878397651955,0.00036961910724639895,8091.237750291824,12217656.0
vgg-512-euclidean,10,euclidean,hnsw(nmslib),"Nmslib(method_name=hnsw, index_param=['M=12', 'post=0', 'efConstruction=400'])",0.9084899999999999,0.90643,0.9006,0.9058,3246.2994945458536,0.0003080430507659912,11982.795399904251,12454228.0
vgg-512-euclidean,10,euclidean,hnsw(nmslib),"Nmslib(method_name=hnsw, index_param=['efConstruction=400', 'M=4', 'post=0'])",0.5732700000000001,0.56925,0.6336,0.6376,2925.9669605955087,0.00034176735877990724,5316.144357204437,11989688.0
vgg-512-euclidean,10,euclidean,hnsw(nmslib),"Nmslib(method_name=hnsw, index_param=['efConstruction=400', 'M=4', 'post=0'])",0.35339,0.34973,0.4017,0.4037,5497.193213909329,0.00018191101551055908,5316.144357204437,11989688.0
vgg-512-euclidean,10,euclidean,hnsw(nmslib),"Nmslib(method_name=hnsw, index_param=['M=12', 'post=0', 'efConstruction=400'])",0.87531,0.8724299999999999,0.8719,0.8768,3785.072895274335,0.00026419570446014403,11982.795399904251,12454228.0
vgg-512-euclidean,10,euclidean,hnsw(nmslib),"Nmslib(method_name=hnsw, index_param=['M=8', 'efConstruction=400', 'post=0'])",0.9088200000000001,0.9075599999999999,0.9005,0.907,2300.0941357992533,0.0004347648143768311,8091.237750291824,12217656.0
vgg-512-euclidean,10,euclidean,hnsw(nmslib),"Nmslib(method_name=hnsw, index_param=['efConstruction=400', 'M=4', 'post=0'])",0.033800000000000004,0.03318,0.0805,0.0812,25908.181487431986,3.8597846031188964e-05,5316.144357204437,11989688.0
vgg-512-euclidean,10,euclidean,hnsw(nmslib),"Nmslib(method_name=hnsw, index_param=['M=8', 'efConstruction=400', 'post=0'])",0.8414300000000001,0.84006,0.8362,0.8414,3081.8587125303748,0.00032447950839996337,8091.237750291824,12217656.0
vgg-512-euclidean,10,euclidean,hnsw(nmslib),"Nmslib(method_name=hnsw, index_param=['M=12', 'post=0', 'efConstruction=400'])",0.8158899999999999,0.8107,0.8227,0.8272,4737.49151176245,0.00021108217239379883,11982.795399904251,12454228.0
vgg-512-euclidean,10,euclidean,bruteforce-blas,BruteForceBLAS(),1.0,0.99992,0.962,0.9838,1.486541720218004,0.672702276968956,7.616388559341431,5414168.0
vgg-512-euclidean,10,euclidean,BallTree(nmslib),"Nmslib(method_name=vptree, index_param=['desiredRecall=0.6', 'tuneK=10'])",0.7409,0.72356,0.9701,0.9821,17.84639996081395,0.05603371000289917,1333.4665126800537,11588960.0
vgg-512-euclidean,10,euclidean,BallTree(nmslib),"Nmslib(method_name=vptree, index_param=['tuneK=10', 'desiredRecall=0.95'])",0.9673700000000001,0.9599399999999999,0.973,0.9841,4.387566865664691,0.22791675446033477,2275.0837178230286,11590388.0
vgg-512-euclidean,10,euclidean,BallTree(nmslib),"Nmslib(method_name=vptree, index_param=['desiredRecall=0.9', 'tuneK=10'])",0.93864,0.9271,0.9729,0.984,5.8691350091023935,0.1703828585386276,2228.0563192367554,11590048.0
vgg-512-euclidean,10,euclidean,BallTree(nmslib),"Nmslib(method_name=vptree, index_param=['tuneK=10', 'desiredRecall=0.1'])",0.28626,0.27978000000000003,0.9502,0.965,251.88057347091936,0.003970135474205017,768.7273578643799,11589356.0
vgg-512-euclidean,10,euclidean,BallTree(nmslib),"Nmslib(method_name=vptree, index_param=['tuneK=10', 'desiredRecall=0.2'])",0.3897,0.38029,0.9594,0.9734,114.20594535930766,0.008756111574172974,887.5594222545624,11588000.0
vgg-512-euclidean,10,euclidean,BallTree(nmslib),"Nmslib(method_name=vptree, index_param=['desiredRecall=0.97', 'tuneK=10'])",0.98001,0.97478,0.9732,0.984,3.734740018589029,0.26775625479221343,2375.6432387828827,11595292.0
vgg-512-euclidean,10,euclidean,BallTree(nmslib),"Nmslib(method_name=vptree, index_param=['tuneK=10', 'desiredRecall=0.3'])",0.50204,0.48974,0.9665,0.9796,58.26111758732512,0.017164106035232544,1047.2097804546356,11588540.0
vgg-512-euclidean,10,euclidean,BallTree(nmslib),"Nmslib(method_name=vptree, index_param=['desiredRecall=0.7', 'tuneK=10'])",0.8040499999999999,0.78674,0.9719,0.9835,13.29222030453393,0.0752319760799408,2017.5836243629456,11591040.0
vgg-512-euclidean,10,euclidean,BallTree(nmslib),"Nmslib(method_name=vptree, index_param=['tuneK=10', 'desiredRecall=0.5'])",0.66421,0.64801,0.9689,0.9812,24.606339597500014,0.04063993330001831,1238.6471922397614,11585140.0
vgg-512-euclidean,10,euclidean,BallTree(nmslib),"Nmslib(method_name=vptree, index_param=['tuneK=10', 'desiredRecall=0.8'])",0.8784599999999999,0.86256,0.9723,0.9835,8.461019641493289,0.11818906495571137,2047.0387196540833,11589212.0
vgg-512-euclidean,10,euclidean,BallTree(nmslib),"Nmslib(method_name=vptree, index_param=['tuneK=10', 'desiredRecall=0.99'])",0.99321,0.9911099999999999,0.9732,0.9838,2.769052163370619,0.3611344030380249,2121.697995185852,11586200.0
vgg-512-euclidean,10,euclidean,BallTree(nmslib),"Nmslib(method_name=vptree, index_param=['desiredRecall=0.4', 'tuneK=10'])",0.5814,0.5669299999999999,0.9683,0.9812,39.742020928738654,0.025162283563613892,1173.2296285629272,11589524.0
vgg-512-euclidean,10,euclidean,BallTree(nmslib),"Nmslib(method_name=vptree, index_param=['desiredRecall=0.85', 'tuneK=10'])",0.9092100000000001,0.89491,0.9726,0.9837,7.2705262080455775,0.13754162647724152,2056.3084242343903,11716224.0
vgg-512-euclidean,10,euclidean,ball,BallTree(leaf_size=30),1.0,1.0,0.1962,0.1974,0.3270323791209705,3.0578011959791183,568.7276470661163,549716.0
vgg-512-euclidean,10,euclidean,mrpt,"MRPT(target recall=0.850, trees=284, depth=14, vote threshold=2, estimated recall=0.851)",0.8472899999999999,0.8410299999999999,0.9667,0.9785,542.4019960395109,0.001843651032447815,4348.720846891403,17007940.0
vgg-512-euclidean,10,euclidean,mrpt,"MRPT(target recall=0.980, trees=675, depth=12, vote threshold=3, estimated recall=0.980)",0.9764200000000001,0.97428,0.9732,0.9837,130.00961666668692,0.007691738700866699,4348.720846891403,17007940.0
vgg-512-euclidean,10,euclidean,mrpt,"MRPT(target recall=0.900, trees=401, depth=14, vote threshold=2, estimated recall=0.900)",0.8962300000000001,0.89162,0.9698,0.9797,385.2672043623563,0.002595601153373718,4348.720846891403,17007940.0
vgg-512-euclidean,10,euclidean,mrpt,"MRPT(target recall=0.800, trees=221, depth=14, vote threshold=2, estimated recall=0.801)",0.8017200000000001,0.79427,0.9638,0.9756,644.5034996738685,0.0015515819549560548,4348.720846891403,17007940.0
vgg-512-euclidean,10,euclidean,mrpt,"MRPT(target recall=0.100, trees=32, depth=14, vote threshold=3, estimated recall=0.104)",0.10407999999999999,0.10282,0.5627,0.5631,1492.3117713588274,0.000670101261138916,4348.720846891403,17007940.0
vgg-512-euclidean,10,euclidean,mrpt,"MRPT(target recall=0.600, trees=108, depth=14, vote threshold=2, estimated recall=0.601)",0.61418,0.60502,0.9506,0.9599,981.0393159381675,0.0010193271398544312,4348.720846891403,17007940.0
vgg-512-euclidean,10,euclidean,mrpt,"MRPT(target recall=0.300, trees=74, depth=14, vote threshold=3, estimated recall=0.304)",0.31544,0.31035,0.8147,0.8161,1247.2489804909785,0.0008017645359039307,4348.720846891403,17007940.0
vgg-512-euclidean,10,euclidean,mrpt,"MRPT(target recall=0.995, trees=900, depth=11, vote threshold=4, estimated recall=0.995)",0.99434,0.99293,0.9731,0.9839,62.8287184727681,0.015916288352012635,4348.720846891403,17007940.0
vgg-512-euclidean,10,euclidean,mrpt,"MRPT(target recall=0.925, trees=489, depth=13, vote threshold=3, estimated recall=0.925)",0.9168799999999999,0.91358,0.9717,0.9805,356.54818872579267,0.002804669976234436,4348.720846891403,17007940.0
vgg-512-euclidean,10,euclidean,mrpt,"MRPT(target recall=0.700, trees=150, depth=14, vote threshold=2, estimated recall=0.703)",0.70884,0.70027,0.9602,0.9712,853.7739079060899,0.0011712702751159668,4348.720846891403,17007940.0
vgg-512-euclidean,10,euclidean,mrpt,"MRPT(target recall=0.950, trees=646, depth=13, vote threshold=3, estimated recall=0.950)",0.9441,0.9412800000000001,0.9723,0.9821,264.4842325286302,0.0037809437274932862,4348.720846891403,17007940.0
vgg-512-euclidean,10,euclidean,mrpt,"MRPT(target recall=0.200, trees=53, depth=14, vote threshold=3, estimated recall=0.204)",0.21161,0.20851999999999998,0.7266,0.7274,1319.26562554356,0.000757997465133667,4348.720846891403,17007940.0
vgg-512-euclidean,10,euclidean,mrpt,"MRPT(target recall=0.970, trees=856, depth=13, vote threshold=3, estimated recall=0.970)",0.9648,0.96247,0.9734,0.9827,186.65260812471598,0.005357546353340149,4348.720846891403,17007940.0
vgg-512-euclidean,10,euclidean,mrpt,"MRPT(target recall=0.990, trees=886, depth=12, vote threshold=3, estimated recall=0.990)",0.98835,0.9865299999999999,0.9731,0.9835,87.0665646657049,0.011485465216636659,4348.720846891403,17007940.0
vgg-512-euclidean,10,euclidean,mrpt,"MRPT(target recall=0.500, trees=79, depth=14, vote threshold=2, estimated recall=0.502)",0.50916,0.50065,0.9376,0.9436,1137.3409085485828,0.0008792438507080078,4348.720846891403,17007940.0
vgg-512-euclidean,10,euclidean,mrpt,"MRPT(target recall=0.400, trees=59, depth=14, vote threshold=2, estimated recall=0.402)",0.41166,0.40426,0.9162,0.921,1194.7843268647412,0.0008369711399078369,4348.720846891403,17007940.0
vgg-512-euclidean,10,euclidean,faiss-ivf,"FaissIVF(n_list=8192, n_probe=200)",0.9947800000000001,0.99373,0.9731,0.983,9.930407851954707,0.10070079848766327,14721.640724420547,7295620.0
vgg-512-euclidean,10,euclidean,faiss-ivf,"FaissIVF(n_list=4096, n_probe=5)",0.9477,0.94603,0.9619,0.9712,127.92973351633302,0.007816791081428527,4150.823153018951,7391608.0
vgg-512-euclidean,10,euclidean,faiss-ivf,"FaissIVF(n_list=128, n_probe=5)",0.78954,0.77935,0.9663,0.9779,12.857330853184585,0.07777664053440093,86.31206440925598,6508488.0
vgg-512-euclidean,10,euclidean,faiss-ivf,"FaissIVF(n_list=256, n_probe=1)",0.52742,0.51996,0.9152,0.9308,122.10917545542758,0.00818939278125763,152.27925729751587,7395316.0
vgg-512-euclidean,10,euclidean,faiss-ivf,"FaissIVF(n_list=8192, n_probe=5)",0.96311,0.9619500000000001,0.9651,0.9723,120.57044117281136,0.008293906784057618,14703.202439069748,7291664.0
vgg-512-euclidean,10,euclidean,faiss-ivf,"FaissIVF(n_list=8192, n_probe=1)",0.9305999999999999,0.92919,0.9493,0.956,158.90952051440277,0.006292889165878296,14703.202439069748,7291664.0
vgg-512-euclidean,10,euclidean,faiss-ivf,"FaissIVF(n_list=2048, n_probe=200)",0.9952099999999999,0.99397,0.9732,0.9833,3.5530211973374546,0.28145061469078064,1255.9490566253662,7573556.0
vgg-512-euclidean,10,euclidean,faiss-ivf,"FaissIVF(n_list=512, n_probe=10)",0.89869,0.89272,0.9681,0.9791,24.209709273778795,0.041305741786956784,272.35012769699097,7373732.0
vgg-512-euclidean,10,euclidean,faiss-ivf,"FaissIVF(n_list=2048, n_probe=100)",0.9900499999999999,0.98838,0.9727,0.9825,6.915073698176315,0.14461161856651306,1255.9490566253662,7573556.0
vgg-512-euclidean,10,euclidean,faiss-ivf,"FaissIVF(n_list=256, n_probe=5)",0.8053800000000001,0.79717,0.962,0.9747,25.287866465235414,0.0395446567773819,152.27925729751587,7395316.0
vgg-512-euclidean,10,euclidean,faiss-ivf,"FaissIVF(n_list=4096, n_probe=1)",0.8927799999999999,0.8912800000000001,0.9357,0.9429,270.83992693689413,0.003692217803001404,4150.823153018951,7391608.0
vgg-512-euclidean,10,euclidean,faiss-ivf,"FaissIVF(n_list=256, n_probe=10)",0.88591,0.8784000000000001,0.9675,0.9789,12.720983935162607,0.07861027143001556,152.27925729751587,7395316.0
vgg-512-euclidean,10,euclidean,faiss-ivf,"FaissIVF(n_list=1024, n_probe=5)",0.8806100000000001,0.8758900000000001,0.9617,0.9736,81.7138646470261,0.012237825298309326,439.6969790458679,7395352.0
vgg-512-euclidean,10,euclidean,faiss-ivf,"FaissIVF(n_list=2048, n_probe=1)",0.8218400000000001,0.8193300000000001,0.9228,0.9325,367.6009038891206,0.0027203415155410767,1255.9490566253662,7573556.0
vgg-512-euclidean,10,euclidean,faiss-ivf,"FaissIVF(n_list=128, n_probe=1)",0.46993,0.46185,0.9224,0.9366,63.21725385207495,0.015818466305732727,86.31206440925598,6508488.0
vgg-512-euclidean,10,euclidean,faiss-ivf,"FaissIVF(n_list=32, n_probe=5)",0.8419700000000001,0.83094,0.9686,0.9808,3.2982517310844495,0.30319092705249784,40.11170148849487,5594080.0
vgg-512-euclidean,10,euclidean,faiss-ivf,"FaissIVF(n_list=64, n_probe=10)",0.9119999999999999,0.90312,0.9701,0.981,3.2747336466507035,0.30536834683418274,57.230557441711426,6084192.0
vgg-512-euclidean,10,euclidean,faiss-ivf,"FaissIVF(n_list=64, n_probe=1)",0.44248000000000004,0.43434999999999996,0.931,0.9446,32.18031405403194,0.031074898719787598,56.62923741340637,5960360.0
vgg-512-euclidean,10,euclidean,faiss-ivf,"FaissIVF(n_list=8192, n_probe=10)",0.97179,0.97061,0.9686,0.9754,91.84771753613953,0.01088758683204651,14703.202439069748,7291664.0
vgg-512-euclidean,10,euclidean,faiss-ivf,"FaissIVF(n_list=128, n_probe=100)",0.99956,0.9992800000000001,0.9731,0.9838,0.6599212807296927,1.5153322512865066,85.02615237236023,6594492.0
vgg-512-euclidean,10,euclidean,faiss-ivf,"FaissIVF(n_list=256, n_probe=50)",0.9832599999999999,0.9800800000000001,0.9726,0.9832,2.583418203038747,0.38708405740261076,152.27925729751587,7395316.0
vgg-512-euclidean,10,euclidean,faiss-ivf,"FaissIVF(n_list=1024, n_probe=100)",0.98964,0.9876400000000001,0.973,0.9837,4.4162766674620375,0.22643508894443512,439.6969790458679,7395352.0
vgg-512-euclidean,10,euclidean,faiss-ivf,"FaissIVF(n_list=512, n_probe=1)",0.6104,0.6045200000000001,0.9106,0.9231,219.31207489208188,0.00455971245765686,272.35012769699097,7373732.0
vgg-512-euclidean,10,euclidean,faiss-ivf,"FaissIVF(n_list=1024, n_probe=1)",0.7229099999999999,0.7186,0.9136,0.9241,333.6200794505483,0.0029974215030670165,439.6969790458679,7395352.0
vgg-512-euclidean,10,euclidean,faiss-ivf,"FaissIVF(n_list=128, n_probe=50)",0.9913399999999999,0.9893700000000001,0.973,0.9837,1.3148242288431011,0.7605579347133636,85.80866026878357,6457712.0
vgg-512-euclidean,10,euclidean,faiss-ivf,"FaissIVF(n_list=1024, n_probe=200)",0.99624,0.9950100000000001,0.9729,0.9837,2.240808412254844,0.4462675142288208,439.6969790458679,7395352.0
vgg-512-euclidean,10,euclidean,faiss-ivf,"FaissIVF(n_list=32, n_probe=1)",0.44390999999999997,0.43448000000000003,0.9378,0.9548,16.39378602722369,0.060998722219467165,40.11170148849487,5594080.0
vgg-512-euclidean,10,euclidean,faiss-ivf,"FaissIVF(n_list=4096, n_probe=100)",0.9914099999999999,0.99,0.9718,0.9822,9.628976486315983,0.10385319783687591,4150.823153018951,7391608.0
vgg-512-euclidean,10,euclidean,faiss-ivf,"FaissIVF(n_list=1024, n_probe=10)",0.92447,0.91998,0.9665,0.9777,42.29358641540698,0.023644246912002564,439.6969790458679,7395352.0
vgg-512-euclidean,10,euclidean,faiss-ivf,"FaissIVF(n_list=8192, n_probe=50)",0.9854100000000001,0.98422,0.972,0.98,32.30045574811441,0.030959315490722655,14703.202439069748,7291664.0
vgg-512-euclidean,10,euclidean,faiss-ivf,"FaissIVF(n_list=4096, n_probe=200)",0.99536,0.99426,0.9726,0.9829,5.146010680592339,0.19432528653144837,4150.823153018951,7391608.0
vgg-512-euclidean,10,euclidean,faiss-ivf,"FaissIVF(n_list=32, n_probe=10)",0.9474500000000001,0.94062,0.9718,0.9826,1.6531390019533865,0.604909810256958,40.11170148849487,5594080.0
vgg-512-euclidean,10,euclidean,faiss-ivf,"FaissIVF(n_list=32, n_probe=50)",1.0,0.9999,0.9733,0.9838,0.517694194730638,1.931642290329933,40.11170148849487,5594080.0
vgg-512-euclidean,10,euclidean,faiss-ivf,"FaissIVF(n_list=256, n_probe=100)",0.9960100000000001,0.99482,0.9729,0.9833,1.2992876196378726,0.7696525271892548,151.91062784194946,7439580.0
vgg-512-euclidean,10,euclidean,faiss-ivf,"FaissIVF(n_list=256, n_probe=200)",0.9998100000000001,0.9996600000000001,0.9731,0.9838,0.654959768310493,1.5268113377094268,151.91062784194946,7439580.0
vgg-512-euclidean,10,euclidean,faiss-ivf,"FaissIVF(n_list=8192, n_probe=100)",0.99032,0.98919,0.9731,0.9818,18.05185189746997,0.05539597852230072,14703.202439069748,7291664.0
vgg-512-euclidean,10,euclidean,faiss-ivf,"FaissIVF(n_list=64, n_probe=5)",0.8065899999999999,0.7955099999999999,0.9677,0.9794,6.503670764695025,0.15375932087898253,57.230557441711426,6084192.0
vgg-512-euclidean,10,euclidean,faiss-ivf,"FaissIVF(n_list=1024, n_probe=50)",0.9784700000000001,0.97547,0.972,0.9828,8.75291918748259,0.11424759883880616,439.6969790458679,7395352.0
vgg-512-euclidean,10,euclidean,faiss-ivf,"FaissIVF(n_list=64, n_probe=50)",0.9992000000000001,0.99881,0.9734,0.984,0.6611224917918764,1.5125790037631988,58.83082866668701,6113308.0
vgg-512-euclidean,10,euclidean,faiss-ivf,"FaissIVF(n_list=512, n_probe=200)",0.9980800000000001,0.9973699999999999,0.9733,0.9836,1.2565995253318893,0.7957984861850739,272.35012769699097,7373732.0
vgg-512-euclidean,10,euclidean,faiss-ivf,"FaissIVF(n_list=512, n_probe=5)",0.8372999999999999,0.83051,0.9616,0.9747,47.424273402209764,0.021086248207092286,272.35012769699097,7373732.0
vgg-512-euclidean,10,euclidean,faiss-ivf,"FaissIVF(n_list=512, n_probe=100)",0.9912699999999999,0.9894700000000001,0.9729,0.983,2.493866329334359,0.4009838010311127,272.35012769699097,7373732.0
vgg-512-euclidean,10,euclidean,faiss-ivf,"FaissIVF(n_list=512, n_probe=50)",0.97708,0.974,0.9723,0.9824,4.956410653920026,0.20175890777111052,272.35012769699097,7373732.0
vgg-512-euclidean,10,euclidean,faiss-ivf,"FaissIVF(n_list=2048, n_probe=50)",0.98081,0.97865,0.9719,0.9815,13.586253356772009,0.07360380921363831,1255.9490566253662,7573556.0
vgg-512-euclidean,10,euclidean,faiss-ivf,"FaissIVF(n_list=32, n_probe=100)",1.0,0.9998888888888888,0.8769,0.8863,0.5172789824185428,1.9331927914884355,39.62900686264038,5665272.0
vgg-512-euclidean,10,euclidean,faiss-ivf,"FaissIVF(n_list=2048, n_probe=5)",0.91639,0.91364,0.961,0.9697,116.83287375715155,0.008559234809875488,1255.9490566253662,7573556.0
vgg-512-euclidean,10,euclidean,faiss-ivf,"FaissIVF(n_list=4096, n_probe=10)",0.96297,0.9611599999999999,0.9678,0.9758,76.27839077478532,0.013109872794151305,4150.823153018951,7391608.0
vgg-512-euclidean,10,euclidean,faiss-ivf,"FaissIVF(n_list=4096, n_probe=50)",0.9846999999999999,0.98317,0.971,0.981,18.416220307119502,0.05429995858669281,4150.823153018951,7391608.0
vgg-512-euclidean,10,euclidean,faiss-ivf,"FaissIVF(n_list=128, n_probe=10)",0.88914,0.8805,0.9712,0.9809,6.460550046322638,0.1547855821609497,86.31206440925598,6508488.0
vgg-512-euclidean,10,euclidean,faiss-ivf,"FaissIVF(n_list=2048, n_probe=10)",0.9429399999999999,0.9402900000000001,0.9669,0.9761,63.088896829230855,0.015850649642944335,1255.9490566253662,7573556.0
vgg-512-euclidean,10,euclidean,faiss-lsh,FaissLSH(n_bits=128),0.31385,0.30955,0.8981,0.949,39.470905880263096,0.025335116529464723,20.6219003200531,234648.0
vgg-512-euclidean,10,euclidean,faiss-lsh,FaissLSH(n_bits=512),0.5926,0.58353,0.9662,0.9797,8.841008850282384,0.11310926353931428,52.56688141822815,362268.0
vgg-512-euclidean,10,euclidean,faiss-lsh,FaissLSH(n_bits=256),0.45409,0.4474,0.9524,0.9738,26.069738823744004,0.038358650493621825,31.440303802490234,275936.0
vgg-512-euclidean,10,euclidean,faiss-lsh,FaissLSH(n_bits=64),0.17445,0.17199,0.7236,0.8628,84.5330680377826,0.01182969012260437,16.407225847244263,228944.0
vgg-512-euclidean,10,euclidean,faiss-lsh,FaissLSH(n_bits=1024),0.69357,0.6836800000000001,0.9696,0.982,4.819542389851624,0.20748857860565187,112.39979648590088,564580.0
vgg-512-euclidean,10,euclidean,faiss-lsh,FaissLSH(n_bits=32),0.051770000000000004,0.05105,0.3047,0.5802,46.51619438697071,0.02149788935184479,13.851737976074219,220540.0
vgg-512-euclidean,10,euclidean,sptag,"Sptag(metric=L2, algo=KDT, check=400)",0.0001,0.0,0.0006,0.0006,236997.1239200574,4.219460487365723e-06,0.10059952735900879,912.0
vgg-512-euclidean,10,euclidean,sptag,"Sptag(metric=L2, algo=KDT, check=100)",0.0001,0.0,0.0006,0.0006,228624.7533495405,4.3739795684814454e-06,0.10059952735900879,912.0
vgg-512-euclidean,10,euclidean,sptag,"Sptag(metric=L2, algo=BKT, check=400)",0.0001,0.0,0.0006,0.0006,228541.2886527721,4.375576972961426e-06,0.0543673038482666,968.0
vgg-512-euclidean,10,euclidean,sptag,"Sptag(metric=L2, algo=BKT, check=2000)",0.0001,0.0,0.0006,0.0006,220085.63512719335,4.543685913085938e-06,0.0543673038482666,968.0
vgg-512-euclidean,10,euclidean,sptag,"Sptag(metric=L2, algo=KDT, check=200)",0.0001,0.0,0.0006,0.0006,229363.63586650408,4.359889030456543e-06,0.10059952735900879,912.0
vgg-512-euclidean,10,euclidean,sptag,"Sptag(metric=L2, algo=BKT, check=4000)",0.0001,0.0,0.0006,0.0006,232055.14921492038,4.309320449829102e-06,0.0543673038482666,968.0
vgg-512-euclidean,10,euclidean,sptag,"Sptag(metric=L2, algo=BKT, check=200)",0.0001,0.0,0.0006,0.0006,224503.22760215387,4.454278945922852e-06,0.0543673038482666,968.0
vgg-512-euclidean,10,euclidean,sptag,"Sptag(metric=L2, algo=KDT, check=1000)",0.0001,0.0,0.0006,0.0006,228589.8651668247,4.37464714050293e-06,0.10059952735900879,912.0
vgg-512-euclidean,10,euclidean,sptag,"Sptag(metric=L2, algo=BKT, check=100)",0.0001,0.0,0.0006,0.0006,223103.65003883018,4.482221603393555e-06,0.0543673038482666,968.0
vgg-512-euclidean,10,euclidean,sptag,"Sptag(metric=L2, algo=BKT, check=1000)",0.0001,0.0,0.0006,0.0006,234306.8784251071,4.26790714263916e-06,0.0543673038482666,968.0
vgg-512-euclidean,10,euclidean,sptag,"Sptag(metric=L2, algo=KDT, check=2000)",0.0001,0.0,0.0006,0.0006,240288.27920459688,4.161667823791504e-06,0.10059952735900879,912.0
vgg-512-euclidean,10,euclidean,sptag,"Sptag(metric=L2, algo=KDT, check=4000)",0.0001,0.0,0.0006,0.0006,239504.8080217446,4.175281524658203e-06,0.10059952735900879,912.0
vgg-512-euclidean,10,euclidean,annoy,"Annoy(n_trees=400, search_k=1000)",0.77068,0.76242,0.948,0.9578,760.2751285934647,0.0013153133153915406,6917.833398342133,22424152.0
vgg-512-euclidean,10,euclidean,annoy,"Annoy(n_trees=200, search_k=20000)",0.94747,0.9438000000000001,0.9695,0.9802,92.62960702798486,0.010795684361457825,3525.7245972156525,13268888.0
vgg-512-euclidean,10,euclidean,annoy,"Annoy(n_trees=400, search_k=20000)",0.95738,0.95444,0.9705,0.9805,91.28553999794012,0.010954637503623962,6917.833398342133,22424152.0
vgg-512-euclidean,10,euclidean,annoy,"Annoy(n_trees=200, search_k=2000)",0.8050700000000001,0.79782,0.9594,0.9683,572.6730219298346,0.0017461971521377563,3525.7245972156525,13268888.0
vgg-512-euclidean,10,euclidean,annoy,"Annoy(n_trees=200, search_k=10000)",0.9165699999999999,0.9122999999999999,0.9681,0.978,163.91584949817013,0.0061006913185119626,3525.7245972156525,13268888.0
vgg-512-euclidean,10,euclidean,annoy,"Annoy(n_trees=400, search_k=100)",0.5494399999999999,0.53893,0.9059,0.9135,1375.2136074245136,0.0007271597623825073,6917.833398342133,22424152.0
vgg-512-euclidean,10,euclidean,annoy,"Annoy(n_trees=100, search_k=100)",0.44687,0.43769,0.8801,0.887,2253.1781664702935,0.00044381754398345946,1834.821456193924,10206864.0
vgg-512-euclidean,10,euclidean,annoy,"Annoy(n_trees=200, search_k=400000)",0.9984500000000001,0.9978999999999999,0.973,0.9837,7.164896732790185,0.1395693528175354,3525.7245972156525,13268888.0
vgg-512-euclidean,10,euclidean,annoy,"Annoy(n_trees=400, search_k=4000)",0.8875500000000001,0.88307,0.9649,0.9758,320.99575001511874,0.003115306043624878,6917.833398342133,22424152.0
vgg-512-euclidean,10,euclidean,annoy,"Annoy(n_trees=100, search_k=100000)",0.9824299999999999,0.98011,0.9725,0.9827,24.21916750576333,0.04128961079120636,1834.821456193924,10206864.0
vgg-512-euclidean,10,euclidean,annoy,"Annoy(n_trees=100, search_k=20000)",0.93173,0.92737,0.9697,0.9802,94.49543005324178,0.010582522344589233,1834.821456193924,10206864.0
vgg-512-euclidean,10,euclidean,annoy,"Annoy(n_trees=200, search_k=200000)",0.9951000000000001,0.9940300000000001,0.9731,0.9838,13.235394807982635,0.0755549807548523,3525.7245972156525,13268888.0
vgg-512-euclidean,10,euclidean,annoy,"Annoy(n_trees=400, search_k=100000)",0.99092,0.98932,0.9727,0.9833,24.20071189860513,0.04132109849452972,6917.833398342133,22424152.0
vgg-512-euclidean,10,euclidean,annoy,"Annoy(n_trees=200, search_k=100000)",0.98797,0.98607,0.9728,0.9832,24.205964219238698,0.04131213245391846,3525.7245972156525,13268888.0
vgg-512-euclidean,10,euclidean,annoy,"Annoy(n_trees=100, search_k=4000)",0.8257899999999999,0.8191200000000001,0.9624,0.9726,363.0643037746775,0.002754333019256592,1834.821456193924,10206864.0
vgg-512-euclidean,10,euclidean,annoy,"Annoy(n_trees=100, search_k=1000)",0.67207,0.66276,0.9425,0.9516,1007.5305649501919,0.0009925257205963135,1834.821456193924,10206864.0
vgg-512-euclidean,10,euclidean,annoy,"Annoy(n_trees=200, search_k=4000)",0.8611599999999999,0.85573,0.9636,0.9733,345.7096238591719,0.0028926009893417357,3525.7245972156525,13268888.0
vgg-512-euclidean,10,euclidean,annoy,"Annoy(n_trees=400, search_k=200000)",0.99664,0.99572,0.9729,0.9834,13.304316267538384,0.07516357698440551,6917.833398342133,22424152.0
vgg-512-euclidean,10,euclidean,annoy,"Annoy(n_trees=400, search_k=400000)",0.99916,0.99874,0.9731,0.9837,7.232503198077157,0.1382647159099579,6917.833398342133,22424152.0
vgg-512-euclidean,10,euclidean,annoy,"Annoy(n_trees=200, search_k=400)",0.59572,0.58595,0.9179,0.9251,1399.1132186501684,0.0007147384405136109,3525.7245972156525,13268888.0
vgg-512-euclidean,10,euclidean,annoy,"Annoy(n_trees=400, search_k=400)",0.64771,0.63807,0.9241,0.9326,1096.2928019819453,0.0009121650695800781,6917.833398342133,22424152.0
vgg-512-euclidean,10,euclidean,annoy,"Annoy(n_trees=100, search_k=400000)",0.99738,0.99658,0.973,0.9836,7.09018690239899,0.14104000554084778,1834.821456193924,10206864.0
vgg-512-euclidean,10,euclidean,annoy,"Annoy(n_trees=100, search_k=400)",0.53867,0.52891,0.9071,0.9151,1660.438165552293,0.0006022506713867187,1834.821456193924,10206864.0
vgg-512-euclidean,10,euclidean,annoy,"Annoy(n_trees=200, search_k=1000)",0.72729,0.71829,0.9467,0.9552,896.5537850317321,0.0011153820514678955,3525.7245972156525,13268888.0
vgg-512-euclidean,10,euclidean,annoy,"Annoy(n_trees=200, search_k=100)",0.49942000000000003,0.48963,0.8942,0.9013,1853.961804701446,0.0005393854379653931,3525.7245972156525,13268888.0
vgg-512-euclidean,10,euclidean,annoy,"Annoy(n_trees=400, search_k=200)",0.55645,0.5461199999999999,0.906,0.9138,1352.4842922947196,0.0007393801212310791,6917.833398342133,22424152.0
vgg-512-euclidean,10,euclidean,annoy,"Annoy(n_trees=400, search_k=2000)",0.83748,0.83127,0.9583,0.9692,511.2383783821272,0.0019560346841812136,6917.833398342133,22424152.0
vgg-512-euclidean,10,euclidean,annoy,"Annoy(n_trees=100, search_k=10000)",0.8945700000000001,0.8892200000000001,0.9664,0.978,170.55185922737866,0.0058633192539215085,1834.821456193924,10206864.0
vgg-512-euclidean,10,euclidean,annoy,"Annoy(n_trees=200, search_k=40000)",0.9689,0.9660500000000001,0.9716,0.9818,51.58482017675882,0.019385547852516175,3525.7245972156525,13268888.0
vgg-512-euclidean,10,euclidean,annoy,"Annoy(n_trees=400, search_k=40000)",0.9757899999999999,0.9734700000000001,0.9716,0.9818,51.33084854879582,0.019481462478637697,6917.833398342133,22424152.0
vgg-512-euclidean,10,euclidean,annoy,"Annoy(n_trees=100, search_k=40000)",0.9594400000000001,0.9559200000000001,0.9721,0.9817,51.54291769920145,0.019401307582855225,1834.821456193924,10206864.0
vgg-512-euclidean,10,euclidean,annoy,"Annoy(n_trees=400, search_k=10000)",0.9322699999999999,0.92896,0.9691,0.9788,155.8778935886487,0.006415277862548828,6917.833398342133,22424152.0
vgg-512-euclidean,10,euclidean,annoy,"Annoy(n_trees=100, search_k=200000)",0.9925200000000001,0.9909700000000001,0.9729,0.9832,13.206232231387744,0.07572182455062866,1834.821456193924,10206864.0
vgg-512-euclidean,10,euclidean,annoy,"Annoy(n_trees=100, search_k=200)",0.45206999999999997,0.44292999999999993,0.8805,0.8874,2280.1586753640568,0.0004385659694671631,1834.821456193924,10206864.0
vgg-512-euclidean,10,euclidean,annoy,"Annoy(n_trees=200, search_k=200)",0.50562,0.49593999999999994,0.8944,0.9016,1820.7400776315287,0.0005492272138595581,3525.7245972156525,13268888.0
vgg-512-euclidean,10,euclidean,annoy,"Annoy(n_trees=100, search_k=2000)",0.7574,0.74924,0.9553,0.9654,635.250009556836,0.0015741833686828614,1834.821456193924,10206864.0
vgg-512-euclidean,10,euclidean,NGT-panng,"PANNG-NGT(20, 40, 60, 0.600)",0.01836,0.01792,0.0938,0.0941,18621.347645662416,5.370180606842041e-05,5530.654785871506,8447048.0
vgg-512-euclidean,10,euclidean,NGT-panng,"PANNG-NGT(20, 40, 60, 1.100)",0.9926299999999999,0.99095,0.9707,0.9809,903.1611989933132,0.001107222056388855,5530.654785871506,8447048.0
vgg-512-euclidean,10,euclidean,NGT-panng,"PANNG-NGT(20, 40, 60, 0.900)",0.06873,0.06776,0.1092,0.11,11979.669740387897,8.34747552871704e-05,5530.654785871506,8447048.0
vgg-512-euclidean,10,euclidean,NGT-panng,"PANNG-NGT(20, 40, 60, 1.020)",0.45763,0.45620000000000005,0.4571,0.4609,2507.1766765543725,0.00039885501861572267,5530.654785871506,8447048.0
vgg-512-euclidean,10,euclidean,NGT-panng,"PANNG-NGT(20, 40, 60, 1.200)",0.9988699999999999,0.9984400000000001,0.9731,0.9838,59.548372106111316,0.016793070316314697,5530.654785871506,8447048.0
vgg-512-euclidean,10,euclidean,NGT-panng,"PANNG-NGT(20, 40, 60, 1.000)",0.24581,0.24464999999999998,0.2467,0.2487,4555.314495928101,0.00021952381134033203,5530.654785871506,8447048.0
vgg-512-euclidean,10,euclidean,NGT-panng,"PANNG-NGT(20, 40, 60, 1.050)",0.83278,0.83134,0.8259,0.8323,1408.8148537305076,0.0007098164796829223,5530.654785871506,8447048.0
vgg-512-euclidean,10,euclidean,NGT-panng,"PANNG-NGT(20, 40, 60, 0.800)",0.0353,0.03477,0.0951,0.0953,17376.748579489547,5.75481653213501e-05,5530.654785871506,8447048.0
vgg-512-euclidean,10,euclidean,hnswlib,"hnswlib ({'efConstruction': 500, 'M': 8})",0.9593,0.9579700000000001,0.9439,0.9523,1508.0193561864041,0.0006631214618682862,5860.23624587059,5801752.0
vgg-512-euclidean,10,euclidean,hnswlib,"hnswlib ({'efConstruction': 500, 'M': 12})",0.99779,0.9971500000000001,0.9725,0.9833,364.275016979596,0.002745178651809692,8107.551563739777,5883792.0
vgg-512-euclidean,10,euclidean,hnswlib,"hnswlib ({'efConstruction': 500, 'M': 24})",0.95257,0.9477,0.9545,0.9612,2735.0464803565974,0.00036562449932098386,15289.095999956131,6135672.0
vgg-512-euclidean,10,euclidean,hnswlib,"hnswlib ({'M': 4, 'efConstruction': 500})",0.20089,0.19791,0.2392,0.2405,10826.54443246458,9.236557483673095e-05,3952.8649442195892,5724872.0
vgg-512-euclidean,10,euclidean,hnswlib,"hnswlib ({'efConstruction': 500, 'M': 16})",0.98275,0.9813000000000001,0.9659,0.9742,1791.4996725432338,0.0005581915616989136,9836.030408859253,5967652.0
vgg-512-euclidean,10,euclidean,hnswlib,"hnswlib ({'efConstruction': 500, 'M': 8})",0.6307,0.626,0.6431,0.6465,5614.83171986671,0.00017809972763061524,5860.23624587059,5801752.0
vgg-512-euclidean,10,euclidean,hnswlib,"hnswlib ({'efConstruction': 500, 'M': 8})",0.98709,0.9859899999999999,0.9667,0.9762,806.8899948333158,0.0012393263101577758,5860.23624587059,5801752.0
vgg-512-euclidean,10,euclidean,hnswlib,"hnswlib ({'efConstruction': 500, 'M': 24})",0.98153,0.9794,0.9681,0.9758,1856.7712389007966,0.0005385693073272705,15289.095999956131,6135672.0
vgg-512-euclidean,10,euclidean,hnswlib,"hnswlib ({'efConstruction': 500, 'M': 8})",0.7683,0.766,0.7658,0.7699,3805.9087305065664,0.0002627493381500244,5860.23624587059,5801752.0
vgg-512-euclidean,10,euclidean,hnswlib,"hnswlib ({'efConstruction': 500, 'M': 8})",0.9938100000000001,0.99279,0.9713,0.9816,519.6149662099454,0.001924501919746399,5860.23624587059,5801752.0
vgg-512-euclidean,10,euclidean,hnswlib,"hnswlib ({'M': 4, 'efConstruction': 500})",0.8729799999999999,0.86872,0.9005,0.9079,1305.2141986307386,0.0007661577701568603,3952.8649442195892,5724872.0
vgg-512-euclidean,10,euclidean,hnswlib,"hnswlib ({'efConstruction': 500, 'M': 12})",0.69142,0.68223,0.7363,0.7404,5792.8631132683695,0.0001726262092590332,8107.551563739777,5883792.0
vgg-512-euclidean,10,euclidean,hnswlib,"hnswlib ({'efConstruction': 500, 'M': 8})",0.9961800000000001,0.9952799999999999,0.9722,0.9827,378.35134534972735,0.002643045973777771,5860.23624587059,5801752.0
vgg-512-euclidean,10,euclidean,hnswlib,"hnswlib ({'efConstruction': 500, 'M': 16})",0.9976900000000001,0.99698,0.9727,0.9836,463.85906218255775,0.002155827236175537,9836.030408859253,5967652.0
vgg-512-euclidean,10,euclidean,hnswlib,"hnswlib ({'M': 4, 'efConstruction': 500})",0.71867,0.71506,0.7634,0.7691,2248.2889531248043,0.0004447826862335205,3952.8649442195892,5724872.0
vgg-512-euclidean,10,euclidean,hnswlib,"hnswlib ({'efConstruction': 500, 'M': 16})",0.79575,0.78554,0.842,0.8469,5248.443349950948,0.00019053268432617189,9836.030408859253,5967652.0
vgg-512-euclidean,10,euclidean,hnswlib,"hnswlib ({'efConstruction': 500, 'M': 16})",0.95816,0.95609,0.9466,0.9538,2678.45886491258,0.0003733490228652954,9836.030408859253,5967652.0
vgg-512-euclidean,10,euclidean,hnswlib,"hnswlib ({'efConstruction': 500, 'M': 12})",0.99053,0.9894399999999999,0.9696,0.9789,1140.1416603527132,0.0008770839929580688,8107.551563739777,5883792.0
vgg-512-euclidean,10,euclidean,hnswlib,"hnswlib ({'efConstruction': 500, 'M': 16})",0.99877,0.9982200000000001,0.973,0.9837,292.42474500670914,0.0034196832418441772,9836.030408859253,5967652.0
vgg-512-euclidean,10,euclidean,hnswlib,"hnswlib ({'M': 4, 'efConstruction': 500})",0.47640000000000005,0.47328000000000003,0.5204,0.5234,4260.241028469938,0.00023472850322723388,3952.8649442195892,5724872.0
vgg-512-euclidean,10,euclidean,hnswlib,"hnswlib ({'efConstruction': 500, 'M': 8})",0.9166000000000001,0.91529,0.9045,0.9113,2088.3846479900403,0.0004788389921188355,5860.23624587059,5801752.0
vgg-512-euclidean,10,euclidean,hnswlib,"hnswlib ({'efConstruction': 500, 'M': 16})",0.9945999999999999,0.9936299999999999,0.9722,0.9818,939.2753247974159,0.001064650559425354,9836.030408859253,5967652.0
vgg-512-euclidean,10,euclidean,hnswlib,"hnswlib ({'efConstruction': 500, 'M': 12})",0.9646399999999999,0.9633499999999999,0.9497,0.9577,2096.5765945536245,0.00047696802616119385,8107.551563739777,5883792.0
vgg-512-euclidean,10,euclidean,hnswlib,"hnswlib ({'efConstruction': 500, 'M': 24})",0.87866,0.8677300000000001,0.926,0.9315,3753.344229830481,0.00026642906665802,15289.095999956131,6135672.0
vgg-512-euclidean,10,euclidean,hnswlib,"hnswlib ({'M': 4, 'efConstruction': 500})",0.94937,0.94435,0.9541,0.9624,702.6413866555824,0.0014232011079788208,3952.8649442195892,5724872.0
vgg-512-euclidean,10,euclidean,hnswlib,"hnswlib ({'M': 4, 'efConstruction': 500})",0.9269000000000001,0.92211,0.94,0.9483,912.3960136448354,0.0010960153102874755,3952.8649442195892,5724872.0
vgg-512-euclidean,10,euclidean,hnswlib,"hnswlib ({'efConstruction': 500, 'M': 24})",0.99663,0.99573,0.973,0.983,593.3017242709711,0.0016854830503463744,15289.095999956131,6135672.0
vgg-512-euclidean,10,euclidean,hnswlib,"hnswlib ({'efConstruction': 500, 'M': 24})",0.9995499999999999,0.99922,0.973,0.9839,132.10760555638961,0.007569586896896362,15289.095999956131,6135672.0
vgg-512-euclidean,10,euclidean,hnswlib,"hnswlib ({'M': 4, 'efConstruction': 500})",0.58129,0.5781,0.6279,0.6326,3224.8965497568774,0.0003100874662399292,3952.8649442195892,5724872.0
vgg-512-euclidean,10,euclidean,hnswlib,"hnswlib ({'efConstruction': 500, 'M': 16})",0.9022399999999999,0.89734,0.9066,0.9127,3869.0585567335925,0.000258460807800293,9836.030408859253,5967652.0
vgg-512-euclidean,10,euclidean,hnswlib,"hnswlib ({'efConstruction': 500, 'M': 8})",0.47401,0.46672,0.517,0.5195,7874.7284222921635,0.00012698850631713869,5860.23624587059,5801752.0
vgg-512-euclidean,10,euclidean,hnswlib,"hnswlib ({'efConstruction': 500, 'M': 12})",0.97905,0.97779,0.9615,0.9702,1654.820212120423,0.0006042952537536621,8107.551563739777,5883792.0
vgg-512-euclidean,10,euclidean,hnswlib,"hnswlib ({'efConstruction': 500, 'M': 8})",0.87252,0.8712,0.863,0.8688,2634.3638598007,0.0003795982837677002,5860.23624587059,5801752.0
vgg-512-euclidean,10,euclidean,hnswlib,"hnswlib ({'efConstruction': 500, 'M': 12})",0.99849,0.99793,0.9727,0.9835,265.4062794358383,0.003767808365821838,8107.551563739777,5883792.0
vgg-512-euclidean,10,euclidean,hnswlib,"hnswlib ({'efConstruction': 500, 'M': 12})",0.91712,0.91508,0.9085,0.9145,3031.09691594873,0.0003299135684967041,8107.551563739777,5883792.0
vgg-512-euclidean,10,euclidean,hnswlib,"hnswlib ({'efConstruction': 500, 'M': 16})",0.99918,0.9987,0.9731,0.9838,213.11772139056356,0.004692242360115052,9836.030408859253,5967652.0
vgg-512-euclidean,10,euclidean,hnswlib,"hnswlib ({'efConstruction': 500, 'M': 16})",0.99014,0.98887,0.9704,0.98,1394.3979054563017,0.0007171554088592529,9836.030408859253,5967652.0
vgg-512-euclidean,10,euclidean,hnswlib,"hnswlib ({'efConstruction': 500, 'M': 24})",0.99924,0.99886,0.973,0.9838,180.7845098024696,0.005531447362899781,15289.095999956131,6135672.0
vgg-512-euclidean,10,euclidean,hnswlib,"hnswlib ({'efConstruction': 500, 'M': 12})",0.8269299999999999,0.8219200000000001,0.8336,0.8388,4185.993964781117,0.0002388918876647949,8107.551563739777,5883792.0
vgg-512-euclidean,10,euclidean,hnswlib,"hnswlib ({'M': 4, 'efConstruction': 500})",0.12208000000000001,0.11961,0.1621,0.1633,15736.569263837815,6.354625225067139e-05,3952.8649442195892,5724872.0
vgg-512-euclidean,10,euclidean,hnswlib,"hnswlib ({'efConstruction': 500, 'M': 12})",0.9961499999999999,0.9953799999999999,0.9724,0.9827,574.5160652238592,0.0017405953645706178,8107.551563739777,5883792.0
vgg-512-euclidean,10,euclidean,hnswlib,"hnswlib ({'efConstruction': 500, 'M': 24})",0.9941800000000001,0.99305,0.9726,0.9822,899.6532103258631,0.0011115394115448,15289.095999956131,6135672.0
vgg-512-euclidean,10,euclidean,hnswlib,"hnswlib ({'efConstruction': 500, 'M': 24})",0.99875,0.9982599999999999,0.9731,0.9838,285.7016257621521,0.0035001550912857056,15289.095999956131,6135672.0
vgg-512-euclidean,10,euclidean,hnswlib,"hnswlib ({'M': 4, 'efConstruction': 500})",0.3175,0.31417,0.3565,0.3582,6943.993483648693,0.00014400935173034668,3952.8649442195892,5724872.0
vgg-512-euclidean,10,euclidean,hnswlib,"hnswlib ({'efConstruction': 500, 'M': 24})",0.9909700000000001,0.9896100000000001,0.9715,0.9801,1190.9844863223757,0.0008396414995193481,15289.095999956131,6135672.0
